<?xml version="1.0" encoding="UTF-8" standalone="no"?>
<!DOCTYPE Nodes [

<!ENTITY % NameValue "CDATA">
<!ENTITY % PropType "(I|S|D|L|H|B)">
<!ENTITY % VersionValue "CDATA">

<!ELEMENT Prp (#PCDATA)>
<!ELEMENT Node (Node|Prp)*>
<!ELEMENT Nodes (Node)+>

<!ATTLIST Nodes version CDATA "1">

<!ATTLIST Node name CDATA #REQUIRED>

<!ATTLIST Prp name CDATA #REQUIRED>
<!ATTLIST Prp type CDATA #REQUIRED>
<!ATTLIST Prp value CDATA #REQUIRED>
]>
<Nodes version="1">
	<Node name="root">
		<Node name="message 9">
			<Node name="visualizer">
				<Node name="current">
					<Prp name="image file name" type="S" value="visImage8.png"/>
					<Prp name="object left" type="I" value="47"/>
					<Prp name="click point x" type="I" value="84"/>
					<Prp name="object name" type="S" value="Aliases.CSDLNC_TH2_1753094.OrderQuanity.button3"/>
					<Prp name="need update" type="B" value="0"/>
					<Prp name="rect color" type="I" value="255"/>
					<Prp name="line #" type="I" value="17"/>
					<Prp name="version" type="I" value="2"/>
					<Prp name="storage file name" type="S" value=""/>
					<Prp name="click point y" type="I" value="511"/>
					<Prp name="object right" type="I" value="122"/>
					<Prp name="kind" type="I" value="0"/>
					<Prp name="signature" type="S" value="{87B03792-E854-4F5D-9F33-165F1F874209}"/>
					<Prp name="object top" type="I" value="500"/>
					<Prp name="datetime" type="D" value="43822.600880544"/>
					<Prp name="object bottom" type="I" value="523"/>
				</Node>
				<Node name="diff">
					<Prp name="image file name" type="S" value="visImage8_Dif.png"/>
					<Prp name="object left" type="I" value="-1"/>
					<Prp name="click point x" type="I" value="-1"/>
					<Prp name="object name" type="S" value=""/>
					<Prp name="need update" type="B" value="0"/>
					<Prp name="rect color" type="I" value="255"/>
					<Prp name="line #" type="I" value="17"/>
					<Prp name="version" type="I" value="2"/>
					<Prp name="storage file name" type="S" value=""/>
					<Prp name="click point y" type="I" value="-1"/>
					<Prp name="object right" type="I" value="-1"/>
					<Prp name="kind" type="I" value="0"/>
					<Prp name="signature" type="S" value="{87B03792-E854-4F5D-9F33-165F1F874209}"/>
					<Prp name="object top" type="I" value="-1"/>
					<Prp name="datetime" type="D" value="0"/>
					<Prp name="object bottom" type="I" value="-1"/>
				</Node>
				<Node name="original">
					<Prp name="image file name" type="S" value="tcvi3942779688689.png"/>
					<Prp name="object left" type="I" value="47"/>
					<Prp name="click point x" type="I" value="105"/>
					<Prp name="object name" type="S" value="Aliases.CSDLNC_TH2_1753094.OrderQuanity.button3"/>
					<Prp name="need update" type="B" value="0"/>
					<Prp name="rect color" type="I" value="255"/>
					<Prp name="line #" type="I" value="17"/>
					<Prp name="version" type="I" value="2"/>
					<Prp name="storage file name" type="S" value=""/>
					<Prp name="click point y" type="I" value="504"/>
					<Prp name="object right" type="I" value="122"/>
					<Prp name="kind" type="I" value="0"/>
					<Prp name="signature" type="S" value="{87B03792-E854-4F5D-9F33-165F1F874209}"/>
					<Prp name="object top" type="I" value="500"/>
					<Prp name="datetime" type="D" value="43822.5998032407"/>
					<Prp name="object bottom" type="I" value="523"/>
				</Node>
			</Node>
			<Prp name="id" type="I" value="9"/>
			<Prp name="picture" type="S" value=""/>
			<Prp name="date" type="D" value="43822.8925478588"/>
			<Prp name="pictype" type="I" value="0"/>
			<Prp name="type" type="I" value="1"/>
			<Prp name="unit id" type="I" value="0"/>
			<Prp name="remarks" type="S" value="Tested object:&#xA;Aliases.CSDLNC_TH2_1753094.OrderQuanity.button3&#xA;(Sys.Process(&quot;2019_CSDLNC_TH2_1753094&quot;).WinFormsObject(&quot;OrderQuanity&quot;).WinFormsObject(&quot;button3&quot;))"/>
			<Prp name="as html" type="B" value="0"/>
			<Prp name="owner id" type="I" value="-1"/>
			<Prp name="link" type="S" value=""/>
			<Prp name="line no" type="I" value="17"/>
			<Prp name="priority" type="I" value="300"/>
			<Prp name="child index" type="I" value="-1"/>
			<Prp name="message" type="S" value="The button was clicked with the left mouse button."/>
		</Node>
		<Node name="message 4">
			<Node name="visualizer">
				<Node name="current">
					<Prp name="image file name" type="S" value="visImage3.png"/>
					<Prp name="object left" type="I" value="267"/>
					<Prp name="click point x" type="I" value="381"/>
					<Prp name="object name" type="S" value="Aliases.CSDLNC_TH2_1753094.OrderOnline.tabControl1.tabPage1.listView1"/>
					<Prp name="need update" type="B" value="0"/>
					<Prp name="rect color" type="I" value="255"/>
					<Prp name="line #" type="I" value="10"/>
					<Prp name="version" type="I" value="2"/>
					<Prp name="storage file name" type="S" value=""/>
					<Prp name="click point y" type="I" value="122"/>
					<Prp name="object right" type="I" value="710"/>
					<Prp name="kind" type="I" value="0"/>
					<Prp name="signature" type="S" value="{87B03792-E854-4F5D-9F33-165F1F874209}"/>
					<Prp name="object top" type="I" value="71"/>
					<Prp name="datetime" type="D" value="43822.600869375"/>
					<Prp name="object bottom" type="I" value="210"/>
				</Node>
				<Node name="diff">
					<Prp name="image file name" type="S" value="visImage3_Dif.png"/>
					<Prp name="object left" type="I" value="-1"/>
					<Prp name="click point x" type="I" value="-1"/>
					<Prp name="object name" type="S" value=""/>
					<Prp name="need update" type="B" value="0"/>
					<Prp name="rect color" type="I" value="255"/>
					<Prp name="line #" type="I" value="10"/>
					<Prp name="version" type="I" value="2"/>
					<Prp name="storage file name" type="S" value=""/>
					<Prp name="click point y" type="I" value="-1"/>
					<Prp name="object right" type="I" value="-1"/>
					<Prp name="kind" type="I" value="0"/>
					<Prp name="signature" type="S" value="{87B03792-E854-4F5D-9F33-165F1F874209}"/>
					<Prp name="object top" type="I" value="-1"/>
					<Prp name="datetime" type="D" value="0"/>
					<Prp name="object bottom" type="I" value="-1"/>
				</Node>
				<Node name="original">
					<Prp name="image file name" type="S" value="tcvi3942245388684.png"/>
					<Prp name="object left" type="I" value="267"/>
					<Prp name="click point x" type="I" value="337"/>
					<Prp name="object name" type="S" value="Aliases.CSDLNC_TH2_1753094.OrderOnline.tabControl1.tabPage1.listView1"/>
					<Prp name="need update" type="B" value="0"/>
					<Prp name="rect color" type="I" value="255"/>
					<Prp name="line #" type="I" value="10"/>
					<Prp name="version" type="I" value="2"/>
					<Prp name="storage file name" type="S" value=""/>
					<Prp name="click point y" type="I" value="117"/>
					<Prp name="object right" type="I" value="710"/>
					<Prp name="kind" type="I" value="0"/>
					<Prp name="signature" type="S" value="{87B03792-E854-4F5D-9F33-165F1F874209}"/>
					<Prp name="object top" type="I" value="71"/>
					<Prp name="datetime" type="D" value="43822.5997453704"/>
					<Prp name="object bottom" type="I" value="210"/>
				</Node>
			</Node>
			<Prp name="id" type="I" value="4"/>
			<Prp name="picture" type="S" value=""/>
			<Prp name="date" type="D" value="43822.8925378819"/>
			<Prp name="pictype" type="I" value="0"/>
			<Prp name="type" type="I" value="1"/>
			<Prp name="unit id" type="I" value="0"/>
			<Prp name="remarks" type="S" value="A click with no key pressed.&#xA;&#xA;Tested object:&#xA;Aliases.CSDLNC_TH2_1753094.OrderOnline.tabControl1.tabPage1.listView1&#xA;(Sys.Process(&quot;2019_CSDLNC_TH2_1753094&quot;).WinFormsObject(&quot;OrderOnline&quot;).WinFormsObject(&quot;tabControl1&quot;).WinFormsObject(&quot;tabPage1&quot;).WinFormsObject(&quot;listView1&quot;))"/>
			<Prp name="as html" type="B" value="0"/>
			<Prp name="owner id" type="I" value="-1"/>
			<Prp name="link" type="S" value=""/>
			<Prp name="line no" type="I" value="10"/>
			<Prp name="priority" type="I" value="300"/>
			<Prp name="child index" type="I" value="-1"/>
			<Prp name="message" type="S" value="The list view item ('2', 1) was double-clicked by the left mouse button."/>
		</Node>
		<Node name="message 17">
			<Node name="visualizer">
				<Node name="current">
					<Prp name="image file name" type="S" value="visImage16.png"/>
					<Prp name="object left" type="I" value="115"/>
					<Prp name="click point x" type="I" value="-1"/>
					<Prp name="object name" type="S" value="Aliases.CSDLNC_TH2_1753094.OrderOnline.tabControl1.tabPage2.textBox3"/>
					<Prp name="need update" type="B" value="0"/>
					<Prp name="rect color" type="I" value="255"/>
					<Prp name="line #" type="I" value="30"/>
					<Prp name="version" type="I" value="2"/>
					<Prp name="storage file name" type="S" value=""/>
					<Prp name="click point y" type="I" value="-1"/>
					<Prp name="object right" type="I" value="353"/>
					<Prp name="kind" type="I" value="0"/>
					<Prp name="signature" type="S" value="{87B03792-E854-4F5D-9F33-165F1F874209}"/>
					<Prp name="object top" type="I" value="153"/>
					<Prp name="datetime" type="D" value="43822.6008998148"/>
					<Prp name="object bottom" type="I" value="173"/>
				</Node>
				<Node name="diff">
					<Prp name="image file name" type="S" value="visImage16_Dif.png"/>
					<Prp name="object left" type="I" value="-1"/>
					<Prp name="click point x" type="I" value="-1"/>
					<Prp name="object name" type="S" value=""/>
					<Prp name="need update" type="B" value="0"/>
					<Prp name="rect color" type="I" value="255"/>
					<Prp name="line #" type="I" value="30"/>
					<Prp name="version" type="I" value="2"/>
					<Prp name="storage file name" type="S" value=""/>
					<Prp name="click point y" type="I" value="-1"/>
					<Prp name="object right" type="I" value="-1"/>
					<Prp name="kind" type="I" value="0"/>
					<Prp name="signature" type="S" value="{87B03792-E854-4F5D-9F33-165F1F874209}"/>
					<Prp name="object top" type="I" value="-1"/>
					<Prp name="datetime" type="D" value="0"/>
					<Prp name="object bottom" type="I" value="-1"/>
				</Node>
				<Node name="original">
					<Prp name="image file name" type="S" value="tcvi39436640886821.png"/>
					<Prp name="object left" type="I" value="115"/>
					<Prp name="click point x" type="I" value="-209"/>
					<Prp name="object name" type="S" value="Aliases.CSDLNC_TH2_1753094.OrderOnline.tabControl1.tabPage2.textBox3"/>
					<Prp name="need update" type="B" value="0"/>
					<Prp name="rect color" type="I" value="255"/>
					<Prp name="line #" type="I" value="30"/>
					<Prp name="version" type="I" value="2"/>
					<Prp name="storage file name" type="S" value=""/>
					<Prp name="click point y" type="I" value="-209"/>
					<Prp name="object right" type="I" value="353"/>
					<Prp name="kind" type="I" value="0"/>
					<Prp name="signature" type="S" value="{87B03792-E854-4F5D-9F33-165F1F874209}"/>
					<Prp name="object top" type="I" value="153"/>
					<Prp name="datetime" type="D" value="43822.5999074074"/>
					<Prp name="object bottom" type="I" value="173"/>
				</Node>
			</Node>
			<Prp name="id" type="I" value="17"/>
			<Prp name="picture" type="S" value=""/>
			<Prp name="date" type="D" value="43822.8925668518"/>
			<Prp name="pictype" type="I" value="0"/>
			<Prp name="type" type="I" value="1"/>
			<Prp name="unit id" type="I" value="0"/>
			<Prp name="remarks" type="S" value="Tested object:&#xA;Aliases.CSDLNC_TH2_1753094.OrderOnline.tabControl1.tabPage2.textBox3&#xA;(Sys.Process(&quot;2019_CSDLNC_TH2_1753094&quot;).WinFormsObject(&quot;OrderOnline&quot;).WinFormsObject(&quot;tabControl1&quot;).WinFormsObject(&quot;tabPage2&quot;).WinFormsObject(&quot;textBox3&quot;))"/>
			<Prp name="as html" type="B" value="0"/>
			<Prp name="owner id" type="I" value="-1"/>
			<Prp name="link" type="S" value=""/>
			<Prp name="line no" type="I" value="30"/>
			<Prp name="priority" type="I" value="300"/>
			<Prp name="child index" type="I" value="-1"/>
			<Prp name="message" type="S" value="The text '1' was entered in the text editor."/>
		</Node>
		<Node name="message 1">
			<Node name="visualizer">
				<Node name="current">
					<Prp name="image file name" type="S" value="visImage0.png"/>
					<Prp name="object left" type="I" value="387"/>
					<Prp name="click point x" type="I" value="438"/>
					<Prp name="object name" type="S" value="Aliases.CSDLNC_TH2_1753094.Form1.button1"/>
					<Prp name="need update" type="B" value="0"/>
					<Prp name="rect color" type="I" value="255"/>
					<Prp name="line #" type="I" value="5"/>
					<Prp name="version" type="I" value="2"/>
					<Prp name="storage file name" type="S" value=""/>
					<Prp name="click point y" type="I" value="85"/>
					<Prp name="object right" type="I" value="490"/>
					<Prp name="kind" type="I" value="0"/>
					<Prp name="signature" type="S" value="{87B03792-E854-4F5D-9F33-165F1F874209}"/>
					<Prp name="object top" type="I" value="63"/>
					<Prp name="datetime" type="D" value="43822.6008568403"/>
					<Prp name="object bottom" type="I" value="107"/>
				</Node>
				<Node name="diff">
					<Prp name="image file name" type="S" value="visImage0_Dif.png"/>
					<Prp name="object left" type="I" value="-1"/>
					<Prp name="click point x" type="I" value="-1"/>
					<Prp name="object name" type="S" value=""/>
					<Prp name="need update" type="B" value="0"/>
					<Prp name="rect color" type="I" value="255"/>
					<Prp name="line #" type="I" value="5"/>
					<Prp name="version" type="I" value="2"/>
					<Prp name="storage file name" type="S" value=""/>
					<Prp name="click point y" type="I" value="-1"/>
					<Prp name="object right" type="I" value="-1"/>
					<Prp name="kind" type="I" value="0"/>
					<Prp name="signature" type="S" value="{87B03792-E854-4F5D-9F33-165F1F874209}"/>
					<Prp name="object top" type="I" value="-1"/>
					<Prp name="datetime" type="D" value="0"/>
					<Prp name="object bottom" type="I" value="-1"/>
				</Node>
				<Node name="original">
					<Prp name="image file name" type="S" value="tcvi3941825088680.png"/>
					<Prp name="object left" type="I" value="387"/>
					<Prp name="click point x" type="I" value="425"/>
					<Prp name="object name" type="S" value="Aliases.CSDLNC_TH2_1753094.Form1.button1"/>
					<Prp name="need update" type="B" value="0"/>
					<Prp name="rect color" type="I" value="255"/>
					<Prp name="line #" type="I" value="5"/>
					<Prp name="version" type="I" value="2"/>
					<Prp name="storage file name" type="S" value=""/>
					<Prp name="click point y" type="I" value="87"/>
					<Prp name="object right" type="I" value="490"/>
					<Prp name="kind" type="I" value="0"/>
					<Prp name="signature" type="S" value="{87B03792-E854-4F5D-9F33-165F1F874209}"/>
					<Prp name="object top" type="I" value="63"/>
					<Prp name="datetime" type="D" value="43822.5996990741"/>
					<Prp name="object bottom" type="I" value="107"/>
				</Node>
			</Node>
			<Prp name="id" type="I" value="1"/>
			<Prp name="picture" type="S" value=""/>
			<Prp name="date" type="D" value="43822.8925243287"/>
			<Prp name="pictype" type="I" value="0"/>
			<Prp name="type" type="I" value="1"/>
			<Prp name="unit id" type="I" value="0"/>
			<Prp name="remarks" type="S" value="Tested object:&#xA;Aliases.CSDLNC_TH2_1753094.Form1.button1&#xA;(Sys.Process(&quot;2019_CSDLNC_TH2_1753094&quot;).WinFormsObject(&quot;Form1&quot;).WinFormsObject(&quot;button1&quot;))"/>
			<Prp name="as html" type="B" value="0"/>
			<Prp name="owner id" type="I" value="-1"/>
			<Prp name="link" type="S" value=""/>
			<Prp name="line no" type="I" value="5"/>
			<Prp name="priority" type="I" value="300"/>
			<Prp name="child index" type="I" value="-1"/>
			<Prp name="message" type="S" value="The button was clicked with the left mouse button."/>
		</Node>
		<Node name="message 15">
			<Node name="visualizer">
				<Node name="current">
					<Prp name="image file name" type="S" value="visImage14.png"/>
					<Prp name="object left" type="I" value="115"/>
					<Prp name="click point x" type="I" value="-1"/>
					<Prp name="object name" type="S" value="Aliases.CSDLNC_TH2_1753094.OrderOnline.tabControl1.tabPage2.textBox2"/>
					<Prp name="need update" type="B" value="0"/>
					<Prp name="rect color" type="I" value="255"/>
					<Prp name="line #" type="I" value="27"/>
					<Prp name="version" type="I" value="2"/>
					<Prp name="storage file name" type="S" value=""/>
					<Prp name="click point y" type="I" value="-1"/>
					<Prp name="object right" type="I" value="353"/>
					<Prp name="kind" type="I" value="0"/>
					<Prp name="signature" type="S" value="{87B03792-E854-4F5D-9F33-165F1F874209}"/>
					<Prp name="object top" type="I" value="129"/>
					<Prp name="datetime" type="D" value="43822.6008969444"/>
					<Prp name="object bottom" type="I" value="149"/>
				</Node>
				<Node name="diff">
					<Prp name="image file name" type="S" value="visImage14_Dif.png"/>
					<Prp name="object left" type="I" value="-1"/>
					<Prp name="click point x" type="I" value="-1"/>
					<Prp name="object name" type="S" value=""/>
					<Prp name="need update" type="B" value="0"/>
					<Prp name="rect color" type="I" value="255"/>
					<Prp name="line #" type="I" value="27"/>
					<Prp name="version" type="I" value="2"/>
					<Prp name="storage file name" type="S" value=""/>
					<Prp name="click point y" type="I" value="-1"/>
					<Prp name="object right" type="I" value="-1"/>
					<Prp name="kind" type="I" value="0"/>
					<Prp name="signature" type="S" value="{87B03792-E854-4F5D-9F33-165F1F874209}"/>
					<Prp name="object top" type="I" value="-1"/>
					<Prp name="datetime" type="D" value="0"/>
					<Prp name="object bottom" type="I" value="-1"/>
				</Node>
				<Node name="original">
					<Prp name="image file name" type="S" value="tcvi39436218886819.png"/>
					<Prp name="object left" type="I" value="115"/>
					<Prp name="click point x" type="I" value="-209"/>
					<Prp name="object name" type="S" value="Aliases.CSDLNC_TH2_1753094.OrderOnline.tabControl1.tabPage2.textBox2"/>
					<Prp name="need update" type="B" value="0"/>
					<Prp name="rect color" type="I" value="255"/>
					<Prp name="line #" type="I" value="27"/>
					<Prp name="version" type="I" value="2"/>
					<Prp name="storage file name" type="S" value=""/>
					<Prp name="click point y" type="I" value="-209"/>
					<Prp name="object right" type="I" value="353"/>
					<Prp name="kind" type="I" value="0"/>
					<Prp name="signature" type="S" value="{87B03792-E854-4F5D-9F33-165F1F874209}"/>
					<Prp name="object top" type="I" value="129"/>
					<Prp name="datetime" type="D" value="43822.5999074074"/>
					<Prp name="object bottom" type="I" value="149"/>
				</Node>
			</Node>
			<Prp name="id" type="I" value="15"/>
			<Prp name="picture" type="S" value=""/>
			<Prp name="date" type="D" value="43822.8925639236"/>
			<Prp name="pictype" type="I" value="0"/>
			<Prp name="type" type="I" value="1"/>
			<Prp name="unit id" type="I" value="0"/>
			<Prp name="remarks" type="S" value="Tested object:&#xA;Aliases.CSDLNC_TH2_1753094.OrderOnline.tabControl1.tabPage2.textBox2&#xA;(Sys.Process(&quot;2019_CSDLNC_TH2_1753094&quot;).WinFormsObject(&quot;OrderOnline&quot;).WinFormsObject(&quot;tabControl1&quot;).WinFormsObject(&quot;tabPage2&quot;).WinFormsObject(&quot;textBox2&quot;))"/>
			<Prp name="as html" type="B" value="0"/>
			<Prp name="owner id" type="I" value="-1"/>
			<Prp name="link" type="S" value=""/>
			<Prp name="line no" type="I" value="27"/>
			<Prp name="priority" type="I" value="300"/>
			<Prp name="child index" type="I" value="-1"/>
			<Prp name="message" type="S" value="The text '1' was entered in the text editor."/>
		</Node>
		<Node name="message 19">
			<Node name="visualizer">
				<Node name="current">
					<Prp name="image file name" type="S" value="visImage18.png"/>
					<Prp name="object left" type="I" value="115"/>
					<Prp name="click point x" type="I" value="-1"/>
					<Prp name="object name" type="S" value="Aliases.CSDLNC_TH2_1753094.OrderOnline.tabControl1.tabPage2.textBox4"/>
					<Prp name="need update" type="B" value="0"/>
					<Prp name="rect color" type="I" value="255"/>
					<Prp name="line #" type="I" value="33"/>
					<Prp name="version" type="I" value="2"/>
					<Prp name="storage file name" type="S" value=""/>
					<Prp name="click point y" type="I" value="-1"/>
					<Prp name="object right" type="I" value="353"/>
					<Prp name="kind" type="I" value="0"/>
					<Prp name="signature" type="S" value="{87B03792-E854-4F5D-9F33-165F1F874209}"/>
					<Prp name="object top" type="I" value="179"/>
					<Prp name="datetime" type="D" value="43822.6009023611"/>
					<Prp name="object bottom" type="I" value="199"/>
				</Node>
				<Node name="diff">
					<Prp name="image file name" type="S" value="visImage18_Dif.png"/>
					<Prp name="object left" type="I" value="-1"/>
					<Prp name="click point x" type="I" value="-1"/>
					<Prp name="object name" type="S" value=""/>
					<Prp name="need update" type="B" value="0"/>
					<Prp name="rect color" type="I" value="255"/>
					<Prp name="line #" type="I" value="33"/>
					<Prp name="version" type="I" value="2"/>
					<Prp name="storage file name" type="S" value=""/>
					<Prp name="click point y" type="I" value="-1"/>
					<Prp name="object right" type="I" value="-1"/>
					<Prp name="kind" type="I" value="0"/>
					<Prp name="signature" type="S" value="{87B03792-E854-4F5D-9F33-165F1F874209}"/>
					<Prp name="object top" type="I" value="-1"/>
					<Prp name="datetime" type="D" value="0"/>
					<Prp name="object bottom" type="I" value="-1"/>
				</Node>
				<Node name="original">
					<Prp name="image file name" type="S" value="tcvi39437171886823.png"/>
					<Prp name="object left" type="I" value="115"/>
					<Prp name="click point x" type="I" value="-209"/>
					<Prp name="object name" type="S" value="Aliases.CSDLNC_TH2_1753094.OrderOnline.tabControl1.tabPage2.textBox4"/>
					<Prp name="need update" type="B" value="0"/>
					<Prp name="rect color" type="I" value="255"/>
					<Prp name="line #" type="I" value="33"/>
					<Prp name="version" type="I" value="2"/>
					<Prp name="storage file name" type="S" value=""/>
					<Prp name="click point y" type="I" value="-209"/>
					<Prp name="object right" type="I" value="353"/>
					<Prp name="kind" type="I" value="0"/>
					<Prp name="signature" type="S" value="{87B03792-E854-4F5D-9F33-165F1F874209}"/>
					<Prp name="object top" type="I" value="179"/>
					<Prp name="datetime" type="D" value="43822.5999189815"/>
					<Prp name="object bottom" type="I" value="199"/>
				</Node>
			</Node>
			<Prp name="id" type="I" value="19"/>
			<Prp name="picture" type="S" value=""/>
			<Prp name="date" type="D" value="43822.8925693403"/>
			<Prp name="pictype" type="I" value="0"/>
			<Prp name="type" type="I" value="1"/>
			<Prp name="unit id" type="I" value="0"/>
			<Prp name="remarks" type="S" value="Tested object:&#xA;Aliases.CSDLNC_TH2_1753094.OrderOnline.tabControl1.tabPage2.textBox4&#xA;(Sys.Process(&quot;2019_CSDLNC_TH2_1753094&quot;).WinFormsObject(&quot;OrderOnline&quot;).WinFormsObject(&quot;tabControl1&quot;).WinFormsObject(&quot;tabPage2&quot;).WinFormsObject(&quot;textBox4&quot;))"/>
			<Prp name="as html" type="B" value="0"/>
			<Prp name="owner id" type="I" value="-1"/>
			<Prp name="link" type="S" value=""/>
			<Prp name="line no" type="I" value="33"/>
			<Prp name="priority" type="I" value="300"/>
			<Prp name="child index" type="I" value="-1"/>
			<Prp name="message" type="S" value="The text '1' was entered in the text editor."/>
		</Node>
		<Node name="message 13">
			<Node name="visualizer">
				<Node name="current">
					<Prp name="image file name" type="S" value="visImage12.png"/>
					<Prp name="object left" type="I" value="61"/>
					<Prp name="click point x" type="I" value="98"/>
					<Prp name="object name" type="S" value="Aliases.CSDLNC_TH2_1753094.dlg.btnOK"/>
					<Prp name="need update" type="B" value="0"/>
					<Prp name="rect color" type="I" value="255"/>
					<Prp name="line #" type="I" value="24"/>
					<Prp name="version" type="I" value="2"/>
					<Prp name="storage file name" type="S" value=""/>
					<Prp name="click point y" type="I" value="110"/>
					<Prp name="object right" type="I" value="136"/>
					<Prp name="kind" type="I" value="0"/>
					<Prp name="signature" type="S" value="{87B03792-E854-4F5D-9F33-165F1F874209}"/>
					<Prp name="object top" type="I" value="99"/>
					<Prp name="datetime" type="D" value="43822.6008934491"/>
					<Prp name="object bottom" type="I" value="122"/>
				</Node>
				<Node name="diff">
					<Prp name="image file name" type="S" value="visImage12_Dif.png"/>
					<Prp name="object left" type="I" value="-1"/>
					<Prp name="click point x" type="I" value="-1"/>
					<Prp name="object name" type="S" value=""/>
					<Prp name="need update" type="B" value="0"/>
					<Prp name="rect color" type="I" value="255"/>
					<Prp name="line #" type="I" value="24"/>
					<Prp name="version" type="I" value="2"/>
					<Prp name="storage file name" type="S" value=""/>
					<Prp name="click point y" type="I" value="-1"/>
					<Prp name="object right" type="I" value="-1"/>
					<Prp name="kind" type="I" value="0"/>
					<Prp name="signature" type="S" value="{87B03792-E854-4F5D-9F33-165F1F874209}"/>
					<Prp name="object top" type="I" value="-1"/>
					<Prp name="datetime" type="D" value="0"/>
					<Prp name="object bottom" type="I" value="-1"/>
				</Node>
				<Node name="original">
					<Prp name="image file name" type="S" value="tcvi39435375886817.png"/>
					<Prp name="object left" type="I" value="61"/>
					<Prp name="click point x" type="I" value="92"/>
					<Prp name="object name" type="S" value="Aliases.CSDLNC_TH2_1753094.dlg.btnOK"/>
					<Prp name="need update" type="B" value="0"/>
					<Prp name="rect color" type="I" value="255"/>
					<Prp name="line #" type="I" value="24"/>
					<Prp name="version" type="I" value="2"/>
					<Prp name="storage file name" type="S" value=""/>
					<Prp name="click point y" type="I" value="103"/>
					<Prp name="object right" type="I" value="136"/>
					<Prp name="kind" type="I" value="0"/>
					<Prp name="signature" type="S" value="{87B03792-E854-4F5D-9F33-165F1F874209}"/>
					<Prp name="object top" type="I" value="99"/>
					<Prp name="datetime" type="D" value="43822.5998958333"/>
					<Prp name="object bottom" type="I" value="122"/>
				</Node>
			</Node>
			<Prp name="id" type="I" value="13"/>
			<Prp name="picture" type="S" value=""/>
			<Prp name="date" type="D" value="43822.8925613079"/>
			<Prp name="pictype" type="I" value="0"/>
			<Prp name="type" type="I" value="1"/>
			<Prp name="unit id" type="I" value="0"/>
			<Prp name="remarks" type="S" value="Tested object:&#xA;Aliases.CSDLNC_TH2_1753094.dlg.btnOK&#xA;(Sys.Process(&quot;2019_CSDLNC_TH2_1753094&quot;).Window(&quot;#32770&quot;, &quot;&quot;, 1).Window(&quot;Button&quot;, &quot;OK&quot;, 1))"/>
			<Prp name="as html" type="B" value="0"/>
			<Prp name="owner id" type="I" value="-1"/>
			<Prp name="link" type="S" value=""/>
			<Prp name="line no" type="I" value="24"/>
			<Prp name="priority" type="I" value="300"/>
			<Prp name="child index" type="I" value="-1"/>
			<Prp name="message" type="S" value="The button was clicked with the left mouse button."/>
		</Node>
		<Node name="message 23">
			<Node name="visualizer">
				<Node name="current">
					<Prp name="image file name" type="S" value="visImage22.png"/>
					<Prp name="object left" type="I" value="635"/>
					<Prp name="click point x" type="I" value="672"/>
					<Prp name="object name" type="S" value="Aliases.CSDLNC_TH2_1753094.OrderOnline.tabControl1.tabPage3.button4"/>
					<Prp name="need update" type="B" value="0"/>
					<Prp name="rect color" type="I" value="255"/>
					<Prp name="line #" type="I" value="38"/>
					<Prp name="version" type="I" value="2"/>
					<Prp name="storage file name" type="S" value=""/>
					<Prp name="click point y" type="I" value="380"/>
					<Prp name="object right" type="I" value="710"/>
					<Prp name="kind" type="I" value="0"/>
					<Prp name="signature" type="S" value="{87B03792-E854-4F5D-9F33-165F1F874209}"/>
					<Prp name="object top" type="I" value="369"/>
					<Prp name="datetime" type="D" value="43822.6009083333"/>
					<Prp name="object bottom" type="I" value="392"/>
				</Node>
				<Node name="diff">
					<Prp name="image file name" type="S" value="visImage22_Dif.png"/>
					<Prp name="object left" type="I" value="-1"/>
					<Prp name="click point x" type="I" value="-1"/>
					<Prp name="object name" type="S" value=""/>
					<Prp name="need update" type="B" value="0"/>
					<Prp name="rect color" type="I" value="255"/>
					<Prp name="line #" type="I" value="38"/>
					<Prp name="version" type="I" value="2"/>
					<Prp name="storage file name" type="S" value=""/>
					<Prp name="click point y" type="I" value="-1"/>
					<Prp name="object right" type="I" value="-1"/>
					<Prp name="kind" type="I" value="0"/>
					<Prp name="signature" type="S" value="{87B03792-E854-4F5D-9F33-165F1F874209}"/>
					<Prp name="object top" type="I" value="-1"/>
					<Prp name="datetime" type="D" value="0"/>
					<Prp name="object bottom" type="I" value="-1"/>
				</Node>
				<Node name="original">
					<Prp name="image file name" type="S" value="tcvi39439265886827.png"/>
					<Prp name="object left" type="I" value="635"/>
					<Prp name="click point x" type="I" value="668"/>
					<Prp name="object name" type="S" value="Aliases.CSDLNC_TH2_1753094.OrderOnline.tabControl1.tabPage3.button4"/>
					<Prp name="need update" type="B" value="0"/>
					<Prp name="rect color" type="I" value="255"/>
					<Prp name="line #" type="I" value="38"/>
					<Prp name="version" type="I" value="2"/>
					<Prp name="storage file name" type="S" value=""/>
					<Prp name="click point y" type="I" value="380"/>
					<Prp name="object right" type="I" value="710"/>
					<Prp name="kind" type="I" value="0"/>
					<Prp name="signature" type="S" value="{87B03792-E854-4F5D-9F33-165F1F874209}"/>
					<Prp name="object top" type="I" value="369"/>
					<Prp name="datetime" type="D" value="43822.5999421296"/>
					<Prp name="object bottom" type="I" value="392"/>
				</Node>
			</Node>
			<Prp name="id" type="I" value="23"/>
			<Prp name="picture" type="S" value=""/>
			<Prp name="date" type="D" value="43822.8925813773"/>
			<Prp name="pictype" type="I" value="0"/>
			<Prp name="type" type="I" value="1"/>
			<Prp name="unit id" type="I" value="0"/>
			<Prp name="remarks" type="S" value="Tested object:&#xA;Aliases.CSDLNC_TH2_1753094.OrderOnline.tabControl1.tabPage3.button4&#xA;(Sys.Process(&quot;2019_CSDLNC_TH2_1753094&quot;).WinFormsObject(&quot;OrderOnline&quot;).WinFormsObject(&quot;tabControl1&quot;).WinFormsObject(&quot;tabPage3&quot;).WinFormsObject(&quot;button4&quot;))"/>
			<Prp name="as html" type="B" value="0"/>
			<Prp name="owner id" type="I" value="-1"/>
			<Prp name="link" type="S" value=""/>
			<Prp name="line no" type="I" value="38"/>
			<Prp name="priority" type="I" value="300"/>
			<Prp name="child index" type="I" value="-1"/>
			<Prp name="message" type="S" value="The button was clicked with the left mouse button."/>
		</Node>
		<Node name="message 8">
			<Node name="visualizer">
				<Node name="current">
					<Prp name="image file name" type="S" value="visImage7.png"/>
					<Prp name="object left" type="I" value="202"/>
					<Prp name="click point x" type="I" value="213"/>
					<Prp name="object name" type="S" value="Aliases.CSDLNC_TH2_1753094.OrderQuanity.button2"/>
					<Prp name="need update" type="B" value="0"/>
					<Prp name="rect color" type="I" value="255"/>
					<Prp name="line #" type="I" value="16"/>
					<Prp name="version" type="I" value="2"/>
					<Prp name="storage file name" type="S" value=""/>
					<Prp name="click point y" type="I" value="423"/>
					<Prp name="object right" type="I" value="225"/>
					<Prp name="kind" type="I" value="0"/>
					<Prp name="signature" type="S" value="{87B03792-E854-4F5D-9F33-165F1F874209}"/>
					<Prp name="object top" type="I" value="413"/>
					<Prp name="datetime" type="D" value="43822.6008790741"/>
					<Prp name="object bottom" type="I" value="433"/>
				</Node>
				<Node name="diff">
					<Prp name="image file name" type="S" value="visImage7_Dif.png"/>
					<Prp name="object left" type="I" value="-1"/>
					<Prp name="click point x" type="I" value="-1"/>
					<Prp name="object name" type="S" value=""/>
					<Prp name="need update" type="B" value="0"/>
					<Prp name="rect color" type="I" value="255"/>
					<Prp name="line #" type="I" value="16"/>
					<Prp name="version" type="I" value="2"/>
					<Prp name="storage file name" type="S" value=""/>
					<Prp name="click point y" type="I" value="-1"/>
					<Prp name="object right" type="I" value="-1"/>
					<Prp name="kind" type="I" value="0"/>
					<Prp name="signature" type="S" value="{87B03792-E854-4F5D-9F33-165F1F874209}"/>
					<Prp name="object top" type="I" value="-1"/>
					<Prp name="datetime" type="D" value="0"/>
					<Prp name="object bottom" type="I" value="-1"/>
				</Node>
				<Node name="original">
					<Prp name="image file name" type="S" value="tcvi3942725088688.png"/>
					<Prp name="object left" type="I" value="202"/>
					<Prp name="click point x" type="I" value="212"/>
					<Prp name="object name" type="S" value="Aliases.CSDLNC_TH2_1753094.OrderQuanity.button2"/>
					<Prp name="need update" type="B" value="0"/>
					<Prp name="rect color" type="I" value="255"/>
					<Prp name="line #" type="I" value="16"/>
					<Prp name="version" type="I" value="2"/>
					<Prp name="storage file name" type="S" value=""/>
					<Prp name="click point y" type="I" value="422"/>
					<Prp name="object right" type="I" value="225"/>
					<Prp name="kind" type="I" value="0"/>
					<Prp name="signature" type="S" value="{87B03792-E854-4F5D-9F33-165F1F874209}"/>
					<Prp name="object top" type="I" value="413"/>
					<Prp name="datetime" type="D" value="43822.5998032407"/>
					<Prp name="object bottom" type="I" value="433"/>
				</Node>
			</Node>
			<Prp name="id" type="I" value="8"/>
			<Prp name="picture" type="S" value=""/>
			<Prp name="date" type="D" value="43822.8925464699"/>
			<Prp name="pictype" type="I" value="0"/>
			<Prp name="type" type="I" value="1"/>
			<Prp name="unit id" type="I" value="0"/>
			<Prp name="remarks" type="S" value="Tested object:&#xA;Aliases.CSDLNC_TH2_1753094.OrderQuanity.button2&#xA;(Sys.Process(&quot;2019_CSDLNC_TH2_1753094&quot;).WinFormsObject(&quot;OrderQuanity&quot;).WinFormsObject(&quot;button2&quot;))"/>
			<Prp name="as html" type="B" value="0"/>
			<Prp name="owner id" type="I" value="-1"/>
			<Prp name="link" type="S" value=""/>
			<Prp name="line no" type="I" value="16"/>
			<Prp name="priority" type="I" value="300"/>
			<Prp name="child index" type="I" value="-1"/>
			<Prp name="message" type="S" value="The button was clicked with the left mouse button."/>
		</Node>
		<Node name="message 0">
			<Prp name="id" type="I" value="0"/>
			<Prp name="picture" type="S" value=""/>
			<Prp name="date" type="D" value="43822.8924851852"/>
			<Prp name="pictype" type="I" value="0"/>
			<Prp name="type" type="I" value="0"/>
			<Prp name="unit id" type="I" value="0"/>
			<Prp name="remarks" type="S" value="The process ID is 11804."/>
			<Prp name="as html" type="B" value="0"/>
			<Prp name="owner id" type="I" value="-1"/>
			<Prp name="link" type="S" value=""/>
			<Prp name="line no" type="I" value="2"/>
			<Prp name="priority" type="I" value="300"/>
			<Prp name="child index" type="I" value="-1"/>
			<Prp name="message" type="S" value="The application &quot;C:\Users\Q71SS\source\repos\NMCNPM\2019_CSDLNC_TH2_1753094\bin\Debug\2019_CSDLNC_TH2_1753094.exe&quot; started."/>
		</Node>
		<Node name="message 5">
			<Node name="visualizer">
				<Node name="current">
					<Prp name="image file name" type="S" value="visImage4.png"/>
					<Prp name="object left" type="I" value="0"/>
					<Prp name="click point x" type="I" value="203"/>
					<Prp name="object name" type="S" value="Aliases.CSDLNC_TH2_1753094.OrderQuanity"/>
					<Prp name="need update" type="B" value="0"/>
					<Prp name="rect color" type="I" value="255"/>
					<Prp name="line #" type="I" value="12"/>
					<Prp name="version" type="I" value="2"/>
					<Prp name="storage file name" type="S" value=""/>
					<Prp name="click point y" type="I" value="436"/>
					<Prp name="object right" type="I" value="325"/>
					<Prp name="kind" type="I" value="0"/>
					<Prp name="signature" type="S" value="{87B03792-E854-4F5D-9F33-165F1F874209}"/>
					<Prp name="object top" type="I" value="0"/>
					<Prp name="datetime" type="D" value="43822.6008723843"/>
					<Prp name="object bottom" type="I" value="545"/>
				</Node>
				<Node name="diff">
					<Prp name="image file name" type="S" value="visImage4_Dif.png"/>
					<Prp name="object left" type="I" value="-1"/>
					<Prp name="click point x" type="I" value="-1"/>
					<Prp name="object name" type="S" value=""/>
					<Prp name="need update" type="B" value="0"/>
					<Prp name="rect color" type="I" value="255"/>
					<Prp name="line #" type="I" value="12"/>
					<Prp name="version" type="I" value="2"/>
					<Prp name="storage file name" type="S" value=""/>
					<Prp name="click point y" type="I" value="-1"/>
					<Prp name="object right" type="I" value="-1"/>
					<Prp name="kind" type="I" value="0"/>
					<Prp name="signature" type="S" value="{87B03792-E854-4F5D-9F33-165F1F874209}"/>
					<Prp name="object top" type="I" value="-1"/>
					<Prp name="datetime" type="D" value="0"/>
					<Prp name="object bottom" type="I" value="-1"/>
				</Node>
				<Node name="original">
					<Prp name="image file name" type="S" value="tcvi3942410988685.png"/>
					<Prp name="object left" type="I" value="0"/>
					<Prp name="click point x" type="I" value="203"/>
					<Prp name="object name" type="S" value="Aliases.CSDLNC_TH2_1753094.OrderQuanity"/>
					<Prp name="need update" type="B" value="0"/>
					<Prp name="rect color" type="I" value="255"/>
					<Prp name="line #" type="I" value="12"/>
					<Prp name="version" type="I" value="2"/>
					<Prp name="storage file name" type="S" value=""/>
					<Prp name="click point y" type="I" value="436"/>
					<Prp name="object right" type="I" value="325"/>
					<Prp name="kind" type="I" value="0"/>
					<Prp name="signature" type="S" value="{87B03792-E854-4F5D-9F33-165F1F874209}"/>
					<Prp name="object top" type="I" value="0"/>
					<Prp name="datetime" type="D" value="43822.5997685185"/>
					<Prp name="object bottom" type="I" value="545"/>
				</Node>
			</Node>
			<Prp name="id" type="I" value="5"/>
			<Prp name="picture" type="S" value=""/>
			<Prp name="date" type="D" value="43822.8925399074"/>
			<Prp name="pictype" type="I" value="0"/>
			<Prp name="type" type="I" value="1"/>
			<Prp name="unit id" type="I" value="0"/>
			<Prp name="remarks" type="S" value="A click at point (203, 436) with no key pressed.&#xA;&#xA;Tested object:&#xA;Aliases.CSDLNC_TH2_1753094.OrderQuanity&#xA;(Sys.Process(&quot;2019_CSDLNC_TH2_1753094&quot;).WinFormsObject(&quot;OrderQuanity&quot;))"/>
			<Prp name="as html" type="B" value="0"/>
			<Prp name="owner id" type="I" value="-1"/>
			<Prp name="link" type="S" value=""/>
			<Prp name="line no" type="I" value="12"/>
			<Prp name="priority" type="I" value="300"/>
			<Prp name="child index" type="I" value="-1"/>
			<Prp name="message" type="S" value="The window was clicked with the left mouse button."/>
		</Node>
		<Node name="message 2">
			<Prp name="id" type="I" value="2"/>
			<Prp name="picture" type="S" value=""/>
			<Prp name="date" type="D" value="43822.8925290509"/>
			<Prp name="pictype" type="I" value="0"/>
			<Prp name="type" type="I" value="0"/>
			<Prp name="unit id" type="I" value="0"/>
			<Prp name="remarks" type="S" value="Tested object:&#xA;Aliases.CSDLNC_TH2_1753094.OrderOnline.tabControl1&#xA;(Sys.Process(&quot;2019_CSDLNC_TH2_1753094&quot;).WinFormsObject(&quot;OrderOnline&quot;).WinFormsObject(&quot;tabControl1&quot;))"/>
			<Prp name="as html" type="B" value="0"/>
			<Prp name="owner id" type="I" value="-1"/>
			<Prp name="link" type="S" value=""/>
			<Prp name="line no" type="I" value="7"/>
			<Prp name="priority" type="I" value="300"/>
			<Prp name="child index" type="I" value="-1"/>
			<Prp name="message" type="S" value="The tab control page 'tabPage1' is already selected."/>
		</Node>
		<Node name="message 21">
			<Node name="visualizer">
				<Node name="current">
					<Prp name="image file name" type="S" value="visImage20.png"/>
					<Prp name="object left" type="I" value="115"/>
					<Prp name="click point x" type="I" value="-1"/>
					<Prp name="object name" type="S" value="Aliases.CSDLNC_TH2_1753094.OrderOnline.tabControl1.tabPage2.textBox6"/>
					<Prp name="need update" type="B" value="0"/>
					<Prp name="rect color" type="I" value="255"/>
					<Prp name="line #" type="I" value="36"/>
					<Prp name="version" type="I" value="2"/>
					<Prp name="storage file name" type="S" value=""/>
					<Prp name="click point y" type="I" value="-1"/>
					<Prp name="object right" type="I" value="353"/>
					<Prp name="kind" type="I" value="0"/>
					<Prp name="signature" type="S" value="{87B03792-E854-4F5D-9F33-165F1F874209}"/>
					<Prp name="object top" type="I" value="205"/>
					<Prp name="datetime" type="D" value="43822.6009048843"/>
					<Prp name="object bottom" type="I" value="225"/>
				</Node>
				<Node name="diff">
					<Prp name="image file name" type="S" value="visImage20_Dif.png"/>
					<Prp name="object left" type="I" value="-1"/>
					<Prp name="click point x" type="I" value="-1"/>
					<Prp name="object name" type="S" value=""/>
					<Prp name="need update" type="B" value="0"/>
					<Prp name="rect color" type="I" value="255"/>
					<Prp name="line #" type="I" value="36"/>
					<Prp name="version" type="I" value="2"/>
					<Prp name="storage file name" type="S" value=""/>
					<Prp name="click point y" type="I" value="-1"/>
					<Prp name="object right" type="I" value="-1"/>
					<Prp name="kind" type="I" value="0"/>
					<Prp name="signature" type="S" value="{87B03792-E854-4F5D-9F33-165F1F874209}"/>
					<Prp name="object top" type="I" value="-1"/>
					<Prp name="datetime" type="D" value="0"/>
					<Prp name="object bottom" type="I" value="-1"/>
				</Node>
				<Node name="original">
					<Prp name="image file name" type="S" value="tcvi39437671886825.png"/>
					<Prp name="object left" type="I" value="115"/>
					<Prp name="click point x" type="I" value="-209"/>
					<Prp name="object name" type="S" value="Aliases.CSDLNC_TH2_1753094.OrderOnline.tabControl1.tabPage2.textBox6"/>
					<Prp name="need update" type="B" value="0"/>
					<Prp name="rect color" type="I" value="255"/>
					<Prp name="line #" type="I" value="36"/>
					<Prp name="version" type="I" value="2"/>
					<Prp name="storage file name" type="S" value=""/>
					<Prp name="click point y" type="I" value="-209"/>
					<Prp name="object right" type="I" value="353"/>
					<Prp name="kind" type="I" value="0"/>
					<Prp name="signature" type="S" value="{87B03792-E854-4F5D-9F33-165F1F874209}"/>
					<Prp name="object top" type="I" value="205"/>
					<Prp name="datetime" type="D" value="43822.5999189815"/>
					<Prp name="object bottom" type="I" value="225"/>
				</Node>
			</Node>
			<Prp name="id" type="I" value="21"/>
			<Prp name="picture" type="S" value=""/>
			<Prp name="date" type="D" value="43822.892571875"/>
			<Prp name="pictype" type="I" value="0"/>
			<Prp name="type" type="I" value="1"/>
			<Prp name="unit id" type="I" value="0"/>
			<Prp name="remarks" type="S" value="Tested object:&#xA;Aliases.CSDLNC_TH2_1753094.OrderOnline.tabControl1.tabPage2.textBox6&#xA;(Sys.Process(&quot;2019_CSDLNC_TH2_1753094&quot;).WinFormsObject(&quot;OrderOnline&quot;).WinFormsObject(&quot;tabControl1&quot;).WinFormsObject(&quot;tabPage2&quot;).WinFormsObject(&quot;textBox6&quot;))"/>
			<Prp name="as html" type="B" value="0"/>
			<Prp name="owner id" type="I" value="-1"/>
			<Prp name="link" type="S" value=""/>
			<Prp name="line no" type="I" value="36"/>
			<Prp name="priority" type="I" value="300"/>
			<Prp name="child index" type="I" value="-1"/>
			<Prp name="message" type="S" value="The text '1' was entered in the text editor."/>
		</Node>
		<Node name="message 20">
			<Node name="visualizer">
				<Node name="current">
					<Prp name="image file name" type="S" value="visImage19.png"/>
					<Prp name="object left" type="I" value="115"/>
					<Prp name="click point x" type="I" value="164"/>
					<Prp name="object name" type="S" value="Aliases.CSDLNC_TH2_1753094.OrderOnline.tabControl1.tabPage2.textBox6"/>
					<Prp name="need update" type="B" value="0"/>
					<Prp name="rect color" type="I" value="255"/>
					<Prp name="line #" type="I" value="35"/>
					<Prp name="version" type="I" value="2"/>
					<Prp name="storage file name" type="S" value=""/>
					<Prp name="click point y" type="I" value="216"/>
					<Prp name="object right" type="I" value="353"/>
					<Prp name="kind" type="I" value="0"/>
					<Prp name="signature" type="S" value="{87B03792-E854-4F5D-9F33-165F1F874209}"/>
					<Prp name="object top" type="I" value="205"/>
					<Prp name="datetime" type="D" value="43822.6009035185"/>
					<Prp name="object bottom" type="I" value="225"/>
				</Node>
				<Node name="diff">
					<Prp name="image file name" type="S" value="visImage19_Dif.png"/>
					<Prp name="object left" type="I" value="-1"/>
					<Prp name="click point x" type="I" value="-1"/>
					<Prp name="object name" type="S" value=""/>
					<Prp name="need update" type="B" value="0"/>
					<Prp name="rect color" type="I" value="255"/>
					<Prp name="line #" type="I" value="35"/>
					<Prp name="version" type="I" value="2"/>
					<Prp name="storage file name" type="S" value=""/>
					<Prp name="click point y" type="I" value="-1"/>
					<Prp name="object right" type="I" value="-1"/>
					<Prp name="kind" type="I" value="0"/>
					<Prp name="signature" type="S" value="{87B03792-E854-4F5D-9F33-165F1F874209}"/>
					<Prp name="object top" type="I" value="-1"/>
					<Prp name="datetime" type="D" value="0"/>
					<Prp name="object bottom" type="I" value="-1"/>
				</Node>
				<Node name="original">
					<Prp name="image file name" type="S" value="tcvi39437343886824.png"/>
					<Prp name="object left" type="I" value="115"/>
					<Prp name="click point x" type="I" value="164"/>
					<Prp name="object name" type="S" value="Aliases.CSDLNC_TH2_1753094.OrderOnline.tabControl1.tabPage2.textBox6"/>
					<Prp name="need update" type="B" value="0"/>
					<Prp name="rect color" type="I" value="255"/>
					<Prp name="line #" type="I" value="35"/>
					<Prp name="version" type="I" value="2"/>
					<Prp name="storage file name" type="S" value=""/>
					<Prp name="click point y" type="I" value="216"/>
					<Prp name="object right" type="I" value="353"/>
					<Prp name="kind" type="I" value="0"/>
					<Prp name="signature" type="S" value="{87B03792-E854-4F5D-9F33-165F1F874209}"/>
					<Prp name="object top" type="I" value="205"/>
					<Prp name="datetime" type="D" value="43822.5999189815"/>
					<Prp name="object bottom" type="I" value="225"/>
				</Node>
			</Node>
			<Prp name="id" type="I" value="20"/>
			<Prp name="picture" type="S" value=""/>
			<Prp name="date" type="D" value="43822.8925708333"/>
			<Prp name="pictype" type="I" value="0"/>
			<Prp name="type" type="I" value="1"/>
			<Prp name="unit id" type="I" value="0"/>
			<Prp name="remarks" type="S" value="A click at point (49, 11) with no key pressed.&#xA;&#xA;Tested object:&#xA;Aliases.CSDLNC_TH2_1753094.OrderOnline.tabControl1.tabPage2.textBox6&#xA;(Sys.Process(&quot;2019_CSDLNC_TH2_1753094&quot;).WinFormsObject(&quot;OrderOnline&quot;).WinFormsObject(&quot;tabControl1&quot;).WinFormsObject(&quot;tabPage2&quot;).WinFormsObject(&quot;textBox6&quot;))"/>
			<Prp name="as html" type="B" value="0"/>
			<Prp name="owner id" type="I" value="-1"/>
			<Prp name="link" type="S" value=""/>
			<Prp name="line no" type="I" value="35"/>
			<Prp name="priority" type="I" value="300"/>
			<Prp name="child index" type="I" value="-1"/>
			<Prp name="message" type="S" value="The window was clicked with the left mouse button."/>
		</Node>
		<Node name="message 18">
			<Node name="visualizer">
				<Node name="current">
					<Prp name="image file name" type="S" value="visImage17.png"/>
					<Prp name="object left" type="I" value="115"/>
					<Prp name="click point x" type="I" value="165"/>
					<Prp name="object name" type="S" value="Aliases.CSDLNC_TH2_1753094.OrderOnline.tabControl1.tabPage2.textBox4"/>
					<Prp name="need update" type="B" value="0"/>
					<Prp name="rect color" type="I" value="255"/>
					<Prp name="line #" type="I" value="32"/>
					<Prp name="version" type="I" value="2"/>
					<Prp name="storage file name" type="S" value=""/>
					<Prp name="click point y" type="I" value="187"/>
					<Prp name="object right" type="I" value="353"/>
					<Prp name="kind" type="I" value="0"/>
					<Prp name="signature" type="S" value="{87B03792-E854-4F5D-9F33-165F1F874209}"/>
					<Prp name="object top" type="I" value="179"/>
					<Prp name="datetime" type="D" value="43822.6009010648"/>
					<Prp name="object bottom" type="I" value="199"/>
				</Node>
				<Node name="diff">
					<Prp name="image file name" type="S" value="visImage17_Dif.png"/>
					<Prp name="object left" type="I" value="-1"/>
					<Prp name="click point x" type="I" value="-1"/>
					<Prp name="object name" type="S" value=""/>
					<Prp name="need update" type="B" value="0"/>
					<Prp name="rect color" type="I" value="255"/>
					<Prp name="line #" type="I" value="32"/>
					<Prp name="version" type="I" value="2"/>
					<Prp name="storage file name" type="S" value=""/>
					<Prp name="click point y" type="I" value="-1"/>
					<Prp name="object right" type="I" value="-1"/>
					<Prp name="kind" type="I" value="0"/>
					<Prp name="signature" type="S" value="{87B03792-E854-4F5D-9F33-165F1F874209}"/>
					<Prp name="object top" type="I" value="-1"/>
					<Prp name="datetime" type="D" value="0"/>
					<Prp name="object bottom" type="I" value="-1"/>
				</Node>
				<Node name="original">
					<Prp name="image file name" type="S" value="tcvi39436953886822.png"/>
					<Prp name="object left" type="I" value="115"/>
					<Prp name="click point x" type="I" value="165"/>
					<Prp name="object name" type="S" value="Aliases.CSDLNC_TH2_1753094.OrderOnline.tabControl1.tabPage2.textBox4"/>
					<Prp name="need update" type="B" value="0"/>
					<Prp name="rect color" type="I" value="255"/>
					<Prp name="line #" type="I" value="32"/>
					<Prp name="version" type="I" value="2"/>
					<Prp name="storage file name" type="S" value=""/>
					<Prp name="click point y" type="I" value="187"/>
					<Prp name="object right" type="I" value="353"/>
					<Prp name="kind" type="I" value="0"/>
					<Prp name="signature" type="S" value="{87B03792-E854-4F5D-9F33-165F1F874209}"/>
					<Prp name="object top" type="I" value="179"/>
					<Prp name="datetime" type="D" value="43822.5999189815"/>
					<Prp name="object bottom" type="I" value="199"/>
				</Node>
			</Node>
			<Prp name="id" type="I" value="18"/>
			<Prp name="picture" type="S" value=""/>
			<Prp name="date" type="D" value="43822.892568287"/>
			<Prp name="pictype" type="I" value="0"/>
			<Prp name="type" type="I" value="1"/>
			<Prp name="unit id" type="I" value="0"/>
			<Prp name="remarks" type="S" value="A click at point (50, 8) with no key pressed.&#xA;&#xA;Tested object:&#xA;Aliases.CSDLNC_TH2_1753094.OrderOnline.tabControl1.tabPage2.textBox4&#xA;(Sys.Process(&quot;2019_CSDLNC_TH2_1753094&quot;).WinFormsObject(&quot;OrderOnline&quot;).WinFormsObject(&quot;tabControl1&quot;).WinFormsObject(&quot;tabPage2&quot;).WinFormsObject(&quot;textBox4&quot;))"/>
			<Prp name="as html" type="B" value="0"/>
			<Prp name="owner id" type="I" value="-1"/>
			<Prp name="link" type="S" value=""/>
			<Prp name="line no" type="I" value="32"/>
			<Prp name="priority" type="I" value="300"/>
			<Prp name="child index" type="I" value="-1"/>
			<Prp name="message" type="S" value="The window was clicked with the left mouse button."/>
		</Node>
		<Node name="child data"/>
		<Node name="message 16">
			<Node name="visualizer">
				<Node name="current">
					<Prp name="image file name" type="S" value="visImage15.png"/>
					<Prp name="object left" type="I" value="115"/>
					<Prp name="click point x" type="I" value="179"/>
					<Prp name="object name" type="S" value="Aliases.CSDLNC_TH2_1753094.OrderOnline.tabControl1.tabPage2.textBox3"/>
					<Prp name="need update" type="B" value="0"/>
					<Prp name="rect color" type="I" value="255"/>
					<Prp name="line #" type="I" value="29"/>
					<Prp name="version" type="I" value="2"/>
					<Prp name="storage file name" type="S" value=""/>
					<Prp name="click point y" type="I" value="161"/>
					<Prp name="object right" type="I" value="353"/>
					<Prp name="kind" type="I" value="0"/>
					<Prp name="signature" type="S" value="{87B03792-E854-4F5D-9F33-165F1F874209}"/>
					<Prp name="object top" type="I" value="153"/>
					<Prp name="datetime" type="D" value="43822.6008982523"/>
					<Prp name="object bottom" type="I" value="173"/>
				</Node>
				<Node name="diff">
					<Prp name="image file name" type="S" value="visImage15_Dif.png"/>
					<Prp name="object left" type="I" value="-1"/>
					<Prp name="click point x" type="I" value="-1"/>
					<Prp name="object name" type="S" value=""/>
					<Prp name="need update" type="B" value="0"/>
					<Prp name="rect color" type="I" value="255"/>
					<Prp name="line #" type="I" value="29"/>
					<Prp name="version" type="I" value="2"/>
					<Prp name="storage file name" type="S" value=""/>
					<Prp name="click point y" type="I" value="-1"/>
					<Prp name="object right" type="I" value="-1"/>
					<Prp name="kind" type="I" value="0"/>
					<Prp name="signature" type="S" value="{87B03792-E854-4F5D-9F33-165F1F874209}"/>
					<Prp name="object top" type="I" value="-1"/>
					<Prp name="datetime" type="D" value="0"/>
					<Prp name="object bottom" type="I" value="-1"/>
				</Node>
				<Node name="original">
					<Prp name="image file name" type="S" value="tcvi39436406886820.png"/>
					<Prp name="object left" type="I" value="115"/>
					<Prp name="click point x" type="I" value="179"/>
					<Prp name="object name" type="S" value="Aliases.CSDLNC_TH2_1753094.OrderOnline.tabControl1.tabPage2.textBox3"/>
					<Prp name="need update" type="B" value="0"/>
					<Prp name="rect color" type="I" value="255"/>
					<Prp name="line #" type="I" value="29"/>
					<Prp name="version" type="I" value="2"/>
					<Prp name="storage file name" type="S" value=""/>
					<Prp name="click point y" type="I" value="161"/>
					<Prp name="object right" type="I" value="353"/>
					<Prp name="kind" type="I" value="0"/>
					<Prp name="signature" type="S" value="{87B03792-E854-4F5D-9F33-165F1F874209}"/>
					<Prp name="object top" type="I" value="153"/>
					<Prp name="datetime" type="D" value="43822.5999074074"/>
					<Prp name="object bottom" type="I" value="173"/>
				</Node>
			</Node>
			<Prp name="id" type="I" value="16"/>
			<Prp name="picture" type="S" value=""/>
			<Prp name="date" type="D" value="43822.8925657523"/>
			<Prp name="pictype" type="I" value="0"/>
			<Prp name="type" type="I" value="1"/>
			<Prp name="unit id" type="I" value="0"/>
			<Prp name="remarks" type="S" value="A click at point (64, 8) with no key pressed.&#xA;&#xA;Tested object:&#xA;Aliases.CSDLNC_TH2_1753094.OrderOnline.tabControl1.tabPage2.textBox3&#xA;(Sys.Process(&quot;2019_CSDLNC_TH2_1753094&quot;).WinFormsObject(&quot;OrderOnline&quot;).WinFormsObject(&quot;tabControl1&quot;).WinFormsObject(&quot;tabPage2&quot;).WinFormsObject(&quot;textBox3&quot;))"/>
			<Prp name="as html" type="B" value="0"/>
			<Prp name="owner id" type="I" value="-1"/>
			<Prp name="link" type="S" value=""/>
			<Prp name="line no" type="I" value="29"/>
			<Prp name="priority" type="I" value="300"/>
			<Prp name="child index" type="I" value="-1"/>
			<Prp name="message" type="S" value="The window was clicked with the left mouse button."/>
		</Node>
		<Node name="message 14">
			<Node name="visualizer">
				<Node name="current">
					<Prp name="image file name" type="S" value="visImage13.png"/>
					<Prp name="object left" type="I" value="115"/>
					<Prp name="click point x" type="I" value="204"/>
					<Prp name="object name" type="S" value="Aliases.CSDLNC_TH2_1753094.OrderOnline.tabControl1.tabPage2.textBox2"/>
					<Prp name="need update" type="B" value="0"/>
					<Prp name="rect color" type="I" value="255"/>
					<Prp name="line #" type="I" value="26"/>
					<Prp name="version" type="I" value="2"/>
					<Prp name="storage file name" type="S" value=""/>
					<Prp name="click point y" type="I" value="132"/>
					<Prp name="object right" type="I" value="353"/>
					<Prp name="kind" type="I" value="0"/>
					<Prp name="signature" type="S" value="{87B03792-E854-4F5D-9F33-165F1F874209}"/>
					<Prp name="object top" type="I" value="129"/>
					<Prp name="datetime" type="D" value="43822.6008954514"/>
					<Prp name="object bottom" type="I" value="149"/>
				</Node>
				<Node name="diff">
					<Prp name="image file name" type="S" value="visImage13_Dif.png"/>
					<Prp name="object left" type="I" value="-1"/>
					<Prp name="click point x" type="I" value="-1"/>
					<Prp name="object name" type="S" value=""/>
					<Prp name="need update" type="B" value="0"/>
					<Prp name="rect color" type="I" value="255"/>
					<Prp name="line #" type="I" value="26"/>
					<Prp name="version" type="I" value="2"/>
					<Prp name="storage file name" type="S" value=""/>
					<Prp name="click point y" type="I" value="-1"/>
					<Prp name="object right" type="I" value="-1"/>
					<Prp name="kind" type="I" value="0"/>
					<Prp name="signature" type="S" value="{87B03792-E854-4F5D-9F33-165F1F874209}"/>
					<Prp name="object top" type="I" value="-1"/>
					<Prp name="datetime" type="D" value="0"/>
					<Prp name="object bottom" type="I" value="-1"/>
				</Node>
				<Node name="original">
					<Prp name="image file name" type="S" value="tcvi39436015886818.png"/>
					<Prp name="object left" type="I" value="115"/>
					<Prp name="click point x" type="I" value="204"/>
					<Prp name="object name" type="S" value="Aliases.CSDLNC_TH2_1753094.OrderOnline.tabControl1.tabPage2.textBox2"/>
					<Prp name="need update" type="B" value="0"/>
					<Prp name="rect color" type="I" value="255"/>
					<Prp name="line #" type="I" value="26"/>
					<Prp name="version" type="I" value="2"/>
					<Prp name="storage file name" type="S" value=""/>
					<Prp name="click point y" type="I" value="132"/>
					<Prp name="object right" type="I" value="353"/>
					<Prp name="kind" type="I" value="0"/>
					<Prp name="signature" type="S" value="{87B03792-E854-4F5D-9F33-165F1F874209}"/>
					<Prp name="object top" type="I" value="129"/>
					<Prp name="datetime" type="D" value="43822.5999074074"/>
					<Prp name="object bottom" type="I" value="149"/>
				</Node>
			</Node>
			<Prp name="id" type="I" value="14"/>
			<Prp name="picture" type="S" value=""/>
			<Prp name="date" type="D" value="43822.8925628704"/>
			<Prp name="pictype" type="I" value="0"/>
			<Prp name="type" type="I" value="1"/>
			<Prp name="unit id" type="I" value="0"/>
			<Prp name="remarks" type="S" value="A click at point (89, 3) with no key pressed.&#xA;&#xA;Tested object:&#xA;Aliases.CSDLNC_TH2_1753094.OrderOnline.tabControl1.tabPage2.textBox2&#xA;(Sys.Process(&quot;2019_CSDLNC_TH2_1753094&quot;).WinFormsObject(&quot;OrderOnline&quot;).WinFormsObject(&quot;tabControl1&quot;).WinFormsObject(&quot;tabPage2&quot;).WinFormsObject(&quot;textBox2&quot;))"/>
			<Prp name="as html" type="B" value="0"/>
			<Prp name="owner id" type="I" value="-1"/>
			<Prp name="link" type="S" value=""/>
			<Prp name="line no" type="I" value="26"/>
			<Prp name="priority" type="I" value="300"/>
			<Prp name="child index" type="I" value="-1"/>
			<Prp name="message" type="S" value="The window was clicked with the left mouse button."/>
		</Node>
		<Node name="message 11">
			<Node name="visualizer">
				<Node name="current">
					<Prp name="image file name" type="S" value="visImage10.png"/>
					<Prp name="object left" type="I" value="635"/>
					<Prp name="click point x" type="I" value="672"/>
					<Prp name="object name" type="S" value="Aliases.CSDLNC_TH2_1753094.OrderOnline.tabControl1.tabPage1.button1"/>
					<Prp name="need update" type="B" value="0"/>
					<Prp name="rect color" type="I" value="255"/>
					<Prp name="line #" type="I" value="20"/>
					<Prp name="version" type="I" value="2"/>
					<Prp name="storage file name" type="S" value=""/>
					<Prp name="click point y" type="I" value="382"/>
					<Prp name="object right" type="I" value="710"/>
					<Prp name="kind" type="I" value="0"/>
					<Prp name="signature" type="S" value="{87B03792-E854-4F5D-9F33-165F1F874209}"/>
					<Prp name="object top" type="I" value="371"/>
					<Prp name="datetime" type="D" value="43822.6008833565"/>
					<Prp name="object bottom" type="I" value="394"/>
				</Node>
				<Node name="diff">
					<Prp name="image file name" type="S" value="visImage10_Dif.png"/>
					<Prp name="object left" type="I" value="-1"/>
					<Prp name="click point x" type="I" value="-1"/>
					<Prp name="object name" type="S" value=""/>
					<Prp name="need update" type="B" value="0"/>
					<Prp name="rect color" type="I" value="255"/>
					<Prp name="line #" type="I" value="20"/>
					<Prp name="version" type="I" value="2"/>
					<Prp name="storage file name" type="S" value=""/>
					<Prp name="click point y" type="I" value="-1"/>
					<Prp name="object right" type="I" value="-1"/>
					<Prp name="kind" type="I" value="0"/>
					<Prp name="signature" type="S" value="{87B03792-E854-4F5D-9F33-165F1F874209}"/>
					<Prp name="object top" type="I" value="-1"/>
					<Prp name="datetime" type="D" value="0"/>
					<Prp name="object bottom" type="I" value="-1"/>
				</Node>
				<Node name="original">
					<Prp name="image file name" type="S" value="tcvi39432000886815.png"/>
					<Prp name="object left" type="I" value="635"/>
					<Prp name="click point x" type="I" value="681"/>
					<Prp name="object name" type="S" value="Aliases.CSDLNC_TH2_1753094.OrderOnline.tabControl1.tabPage1.button1"/>
					<Prp name="need update" type="B" value="0"/>
					<Prp name="rect color" type="I" value="255"/>
					<Prp name="line #" type="I" value="20"/>
					<Prp name="version" type="I" value="2"/>
					<Prp name="storage file name" type="S" value=""/>
					<Prp name="click point y" type="I" value="381"/>
					<Prp name="object right" type="I" value="710"/>
					<Prp name="kind" type="I" value="0"/>
					<Prp name="signature" type="S" value="{87B03792-E854-4F5D-9F33-165F1F874209}"/>
					<Prp name="object top" type="I" value="371"/>
					<Prp name="datetime" type="D" value="43822.5998611111"/>
					<Prp name="object bottom" type="I" value="394"/>
				</Node>
			</Node>
			<Prp name="id" type="I" value="11"/>
			<Prp name="picture" type="S" value=""/>
			<Prp name="date" type="D" value="43822.8925505324"/>
			<Prp name="pictype" type="I" value="0"/>
			<Prp name="type" type="I" value="1"/>
			<Prp name="unit id" type="I" value="0"/>
			<Prp name="remarks" type="S" value="Tested object:&#xA;Aliases.CSDLNC_TH2_1753094.OrderOnline.tabControl1.tabPage1.button1&#xA;(Sys.Process(&quot;2019_CSDLNC_TH2_1753094&quot;).WinFormsObject(&quot;OrderOnline&quot;).WinFormsObject(&quot;tabControl1&quot;).WinFormsObject(&quot;tabPage1&quot;).WinFormsObject(&quot;button1&quot;))"/>
			<Prp name="as html" type="B" value="0"/>
			<Prp name="owner id" type="I" value="-1"/>
			<Prp name="link" type="S" value=""/>
			<Prp name="line no" type="I" value="20"/>
			<Prp name="priority" type="I" value="300"/>
			<Prp name="child index" type="I" value="-1"/>
			<Prp name="message" type="S" value="The button was clicked with the left mouse button."/>
		</Node>
		<Node name="message 6">
			<Node name="visualizer">
				<Node name="current">
					<Prp name="image file name" type="S" value="visImage5.png"/>
					<Prp name="object left" type="I" value="202"/>
					<Prp name="click point x" type="I" value="213"/>
					<Prp name="object name" type="S" value="Aliases.CSDLNC_TH2_1753094.OrderQuanity.button2"/>
					<Prp name="need update" type="B" value="0"/>
					<Prp name="rect color" type="I" value="255"/>
					<Prp name="line #" type="I" value="14"/>
					<Prp name="version" type="I" value="2"/>
					<Prp name="storage file name" type="S" value=""/>
					<Prp name="click point y" type="I" value="428"/>
					<Prp name="object right" type="I" value="225"/>
					<Prp name="kind" type="I" value="0"/>
					<Prp name="signature" type="S" value="{87B03792-E854-4F5D-9F33-165F1F874209}"/>
					<Prp name="object top" type="I" value="413"/>
					<Prp name="datetime" type="D" value="43822.6008748958"/>
					<Prp name="object bottom" type="I" value="433"/>
				</Node>
				<Node name="diff">
					<Prp name="image file name" type="S" value="visImage5_Dif.png"/>
					<Prp name="object left" type="I" value="-1"/>
					<Prp name="click point x" type="I" value="-1"/>
					<Prp name="object name" type="S" value=""/>
					<Prp name="need update" type="B" value="0"/>
					<Prp name="rect color" type="I" value="255"/>
					<Prp name="line #" type="I" value="14"/>
					<Prp name="version" type="I" value="2"/>
					<Prp name="storage file name" type="S" value=""/>
					<Prp name="click point y" type="I" value="-1"/>
					<Prp name="object right" type="I" value="-1"/>
					<Prp name="kind" type="I" value="0"/>
					<Prp name="signature" type="S" value="{87B03792-E854-4F5D-9F33-165F1F874209}"/>
					<Prp name="object top" type="I" value="-1"/>
					<Prp name="datetime" type="D" value="0"/>
					<Prp name="object bottom" type="I" value="-1"/>
				</Node>
				<Node name="original">
					<Prp name="image file name" type="S" value="tcvi3942442188686.png"/>
					<Prp name="object left" type="I" value="202"/>
					<Prp name="click point x" type="I" value="213"/>
					<Prp name="object name" type="S" value="Aliases.CSDLNC_TH2_1753094.OrderQuanity.button2"/>
					<Prp name="need update" type="B" value="0"/>
					<Prp name="rect color" type="I" value="255"/>
					<Prp name="line #" type="I" value="14"/>
					<Prp name="version" type="I" value="2"/>
					<Prp name="storage file name" type="S" value=""/>
					<Prp name="click point y" type="I" value="428"/>
					<Prp name="object right" type="I" value="225"/>
					<Prp name="kind" type="I" value="0"/>
					<Prp name="signature" type="S" value="{87B03792-E854-4F5D-9F33-165F1F874209}"/>
					<Prp name="object top" type="I" value="413"/>
					<Prp name="datetime" type="D" value="43822.5997685185"/>
					<Prp name="object bottom" type="I" value="433"/>
				</Node>
			</Node>
			<Prp name="id" type="I" value="6"/>
			<Prp name="picture" type="S" value=""/>
			<Prp name="date" type="D" value="43822.8925427894"/>
			<Prp name="pictype" type="I" value="0"/>
			<Prp name="type" type="I" value="1"/>
			<Prp name="unit id" type="I" value="0"/>
			<Prp name="remarks" type="S" value="A click at point (11, 15) with no key pressed.&#xA;&#xA;Tested object:&#xA;Aliases.CSDLNC_TH2_1753094.OrderQuanity.button2&#xA;(Sys.Process(&quot;2019_CSDLNC_TH2_1753094&quot;).WinFormsObject(&quot;OrderQuanity&quot;).WinFormsObject(&quot;button2&quot;))"/>
			<Prp name="as html" type="B" value="0"/>
			<Prp name="owner id" type="I" value="-1"/>
			<Prp name="link" type="S" value=""/>
			<Prp name="line no" type="I" value="14"/>
			<Prp name="priority" type="I" value="300"/>
			<Prp name="child index" type="I" value="-1"/>
			<Prp name="message" type="S" value="The window was double-clicked by the left mouse button."/>
		</Node>
		<Node name="message 3">
			<Node name="visualizer">
				<Node name="current">
					<Prp name="image file name" type="S" value="visImage2.png"/>
					<Prp name="object left" type="I" value="142"/>
					<Prp name="click point x" type="I" value="-1"/>
					<Prp name="object name" type="S" value="Aliases.CSDLNC_TH2_1753094.OrderOnline.tabControl1.tabPage1.comboBox2"/>
					<Prp name="need update" type="B" value="0"/>
					<Prp name="rect color" type="I" value="255"/>
					<Prp name="line #" type="I" value="9"/>
					<Prp name="version" type="I" value="2"/>
					<Prp name="storage file name" type="S" value=""/>
					<Prp name="click point y" type="I" value="-1"/>
					<Prp name="object right" type="I" value="263"/>
					<Prp name="kind" type="I" value="0"/>
					<Prp name="signature" type="S" value="{87B03792-E854-4F5D-9F33-165F1F874209}"/>
					<Prp name="object top" type="I" value="71"/>
					<Prp name="datetime" type="D" value="43822.6008671296"/>
					<Prp name="object bottom" type="I" value="92"/>
				</Node>
				<Node name="diff">
					<Prp name="image file name" type="S" value="visImage2_Dif.png"/>
					<Prp name="object left" type="I" value="-1"/>
					<Prp name="click point x" type="I" value="-1"/>
					<Prp name="object name" type="S" value=""/>
					<Prp name="need update" type="B" value="0"/>
					<Prp name="rect color" type="I" value="255"/>
					<Prp name="line #" type="I" value="9"/>
					<Prp name="version" type="I" value="2"/>
					<Prp name="storage file name" type="S" value=""/>
					<Prp name="click point y" type="I" value="-1"/>
					<Prp name="object right" type="I" value="-1"/>
					<Prp name="kind" type="I" value="0"/>
					<Prp name="signature" type="S" value="{87B03792-E854-4F5D-9F33-165F1F874209}"/>
					<Prp name="object top" type="I" value="-1"/>
					<Prp name="datetime" type="D" value="0"/>
					<Prp name="object bottom" type="I" value="-1"/>
				</Node>
				<Node name="original">
					<Prp name="image file name" type="S" value="tcvi3942026588683.png"/>
					<Prp name="object left" type="I" value="142"/>
					<Prp name="click point x" type="I" value="-209"/>
					<Prp name="object name" type="S" value="Aliases.CSDLNC_TH2_1753094.OrderOnline.tabControl1.tabPage1.comboBox2"/>
					<Prp name="need update" type="B" value="0"/>
					<Prp name="rect color" type="I" value="255"/>
					<Prp name="line #" type="I" value="9"/>
					<Prp name="version" type="I" value="2"/>
					<Prp name="storage file name" type="S" value=""/>
					<Prp name="click point y" type="I" value="-209"/>
					<Prp name="object right" type="I" value="263"/>
					<Prp name="kind" type="I" value="0"/>
					<Prp name="signature" type="S" value="{87B03792-E854-4F5D-9F33-165F1F874209}"/>
					<Prp name="object top" type="I" value="71"/>
					<Prp name="datetime" type="D" value="43822.5997222222"/>
					<Prp name="object bottom" type="I" value="92"/>
				</Node>
			</Node>
			<Prp name="id" type="I" value="3"/>
			<Prp name="picture" type="S" value=""/>
			<Prp name="date" type="D" value="43822.8925348495"/>
			<Prp name="pictype" type="I" value="0"/>
			<Prp name="type" type="I" value="1"/>
			<Prp name="unit id" type="I" value="0"/>
			<Prp name="remarks" type="S" value="Tested object:&#xA;Aliases.CSDLNC_TH2_1753094.OrderOnline.tabControl1.tabPage1.comboBox2&#xA;(Sys.Process(&quot;2019_CSDLNC_TH2_1753094&quot;).WinFormsObject(&quot;OrderOnline&quot;).WinFormsObject(&quot;tabControl1&quot;).WinFormsObject(&quot;tabPage1&quot;).WinFormsObject(&quot;comboBox2&quot;))"/>
			<Prp name="as html" type="B" value="0"/>
			<Prp name="owner id" type="I" value="-1"/>
			<Prp name="link" type="S" value=""/>
			<Prp name="line no" type="I" value="9"/>
			<Prp name="priority" type="I" value="300"/>
			<Prp name="child index" type="I" value="-1"/>
			<Prp name="message" type="S" value="The combo box item '1 - A' was selected."/>
		</Node>
		<Node name="message 7">
			<Node name="visualizer">
				<Node name="current">
					<Prp name="image file name" type="S" value="visImage6.png"/>
					<Prp name="object left" type="I" value="125"/>
					<Prp name="click point x" type="I" value="135"/>
					<Prp name="object name" type="S" value="Aliases.CSDLNC_TH2_1753094.OrderQuanity.button1"/>
					<Prp name="need update" type="B" value="0"/>
					<Prp name="rect color" type="I" value="255"/>
					<Prp name="line #" type="I" value="15"/>
					<Prp name="version" type="I" value="2"/>
					<Prp name="storage file name" type="S" value=""/>
					<Prp name="click point y" type="I" value="418"/>
					<Prp name="object right" type="I" value="148"/>
					<Prp name="kind" type="I" value="0"/>
					<Prp name="signature" type="S" value="{87B03792-E854-4F5D-9F33-165F1F874209}"/>
					<Prp name="object top" type="I" value="413"/>
					<Prp name="datetime" type="D" value="43822.6008770255"/>
					<Prp name="object bottom" type="I" value="433"/>
				</Node>
				<Node name="diff">
					<Prp name="image file name" type="S" value="visImage6_Dif.png"/>
					<Prp name="object left" type="I" value="-1"/>
					<Prp name="click point x" type="I" value="-1"/>
					<Prp name="object name" type="S" value=""/>
					<Prp name="need update" type="B" value="0"/>
					<Prp name="rect color" type="I" value="255"/>
					<Prp name="line #" type="I" value="15"/>
					<Prp name="version" type="I" value="2"/>
					<Prp name="storage file name" type="S" value=""/>
					<Prp name="click point y" type="I" value="-1"/>
					<Prp name="object right" type="I" value="-1"/>
					<Prp name="kind" type="I" value="0"/>
					<Prp name="signature" type="S" value="{87B03792-E854-4F5D-9F33-165F1F874209}"/>
					<Prp name="object top" type="I" value="-1"/>
					<Prp name="datetime" type="D" value="0"/>
					<Prp name="object bottom" type="I" value="-1"/>
				</Node>
				<Node name="original">
					<Prp name="image file name" type="S" value="tcvi3942614088687.png"/>
					<Prp name="object left" type="I" value="125"/>
					<Prp name="click point x" type="I" value="135"/>
					<Prp name="object name" type="S" value="Aliases.CSDLNC_TH2_1753094.OrderQuanity.button1"/>
					<Prp name="need update" type="B" value="0"/>
					<Prp name="rect color" type="I" value="255"/>
					<Prp name="line #" type="I" value="15"/>
					<Prp name="version" type="I" value="2"/>
					<Prp name="storage file name" type="S" value=""/>
					<Prp name="click point y" type="I" value="418"/>
					<Prp name="object right" type="I" value="148"/>
					<Prp name="kind" type="I" value="0"/>
					<Prp name="signature" type="S" value="{87B03792-E854-4F5D-9F33-165F1F874209}"/>
					<Prp name="object top" type="I" value="413"/>
					<Prp name="datetime" type="D" value="43822.5997916667"/>
					<Prp name="object bottom" type="I" value="433"/>
				</Node>
			</Node>
			<Prp name="id" type="I" value="7"/>
			<Prp name="picture" type="S" value=""/>
			<Prp name="date" type="D" value="43822.8925449421"/>
			<Prp name="pictype" type="I" value="0"/>
			<Prp name="type" type="I" value="1"/>
			<Prp name="unit id" type="I" value="0"/>
			<Prp name="remarks" type="S" value="A click at point (10, 5) with no key pressed.&#xA;&#xA;Tested object:&#xA;Aliases.CSDLNC_TH2_1753094.OrderQuanity.button1&#xA;(Sys.Process(&quot;2019_CSDLNC_TH2_1753094&quot;).WinFormsObject(&quot;OrderQuanity&quot;).WinFormsObject(&quot;button1&quot;))"/>
			<Prp name="as html" type="B" value="0"/>
			<Prp name="owner id" type="I" value="-1"/>
			<Prp name="link" type="S" value=""/>
			<Prp name="line no" type="I" value="15"/>
			<Prp name="priority" type="I" value="300"/>
			<Prp name="child index" type="I" value="-1"/>
			<Prp name="message" type="S" value="The window was double-clicked by the left mouse button."/>
		</Node>
		<Node name="message 12">
			<Node name="visualizer">
				<Node name="current">
					<Prp name="image file name" type="S" value="visImage11.png"/>
					<Prp name="object left" type="I" value="635"/>
					<Prp name="click point x" type="I" value="672"/>
					<Prp name="object name" type="S" value="Aliases.CSDLNC_TH2_1753094.OrderOnline.tabControl1.tabPage2.button2"/>
					<Prp name="need update" type="B" value="0"/>
					<Prp name="rect color" type="I" value="255"/>
					<Prp name="line #" type="I" value="23"/>
					<Prp name="version" type="I" value="2"/>
					<Prp name="storage file name" type="S" value=""/>
					<Prp name="click point y" type="I" value="380"/>
					<Prp name="object right" type="I" value="710"/>
					<Prp name="kind" type="I" value="0"/>
					<Prp name="signature" type="S" value="{87B03792-E854-4F5D-9F33-165F1F874209}"/>
					<Prp name="object top" type="I" value="369"/>
					<Prp name="datetime" type="D" value="43822.6008855903"/>
					<Prp name="object bottom" type="I" value="392"/>
				</Node>
				<Node name="diff">
					<Prp name="image file name" type="S" value="visImage11_Dif.png"/>
					<Prp name="object left" type="I" value="-1"/>
					<Prp name="click point x" type="I" value="-1"/>
					<Prp name="object name" type="S" value=""/>
					<Prp name="need update" type="B" value="0"/>
					<Prp name="rect color" type="I" value="255"/>
					<Prp name="line #" type="I" value="23"/>
					<Prp name="version" type="I" value="2"/>
					<Prp name="storage file name" type="S" value=""/>
					<Prp name="click point y" type="I" value="-1"/>
					<Prp name="object right" type="I" value="-1"/>
					<Prp name="kind" type="I" value="0"/>
					<Prp name="signature" type="S" value="{87B03792-E854-4F5D-9F33-165F1F874209}"/>
					<Prp name="object top" type="I" value="-1"/>
					<Prp name="datetime" type="D" value="0"/>
					<Prp name="object bottom" type="I" value="-1"/>
				</Node>
				<Node name="original">
					<Prp name="image file name" type="S" value="tcvi39434171886816.png"/>
					<Prp name="object left" type="I" value="635"/>
					<Prp name="click point x" type="I" value="674"/>
					<Prp name="object name" type="S" value="Aliases.CSDLNC_TH2_1753094.OrderOnline.tabControl1.tabPage2.button2"/>
					<Prp name="need update" type="B" value="0"/>
					<Prp name="rect color" type="I" value="255"/>
					<Prp name="line #" type="I" value="23"/>
					<Prp name="version" type="I" value="2"/>
					<Prp name="storage file name" type="S" value=""/>
					<Prp name="click point y" type="I" value="379"/>
					<Prp name="object right" type="I" value="710"/>
					<Prp name="kind" type="I" value="0"/>
					<Prp name="signature" type="S" value="{87B03792-E854-4F5D-9F33-165F1F874209}"/>
					<Prp name="object top" type="I" value="369"/>
					<Prp name="datetime" type="D" value="43822.5998842593"/>
					<Prp name="object bottom" type="I" value="392"/>
				</Node>
			</Node>
			<Prp name="id" type="I" value="12"/>
			<Prp name="picture" type="S" value=""/>
			<Prp name="date" type="D" value="43822.892558831"/>
			<Prp name="pictype" type="I" value="0"/>
			<Prp name="type" type="I" value="1"/>
			<Prp name="unit id" type="I" value="0"/>
			<Prp name="remarks" type="S" value="Tested object:&#xA;Aliases.CSDLNC_TH2_1753094.OrderOnline.tabControl1.tabPage2.button2&#xA;(Sys.Process(&quot;2019_CSDLNC_TH2_1753094&quot;).WinFormsObject(&quot;OrderOnline&quot;).WinFormsObject(&quot;tabControl1&quot;).WinFormsObject(&quot;tabPage2&quot;).WinFormsObject(&quot;button2&quot;))"/>
			<Prp name="as html" type="B" value="0"/>
			<Prp name="owner id" type="I" value="-1"/>
			<Prp name="link" type="S" value=""/>
			<Prp name="line no" type="I" value="23"/>
			<Prp name="priority" type="I" value="300"/>
			<Prp name="child index" type="I" value="-1"/>
			<Prp name="message" type="S" value="The button was clicked with the left mouse button."/>
		</Node>
		<Node name="message 24">
			<Node name="visualizer">
				<Node name="current">
					<Prp name="image file name" type="S" value="visImage23.png"/>
					<Prp name="object left" type="I" value="0"/>
					<Prp name="click point x" type="I" value="-1"/>
					<Prp name="object name" type="S" value="Aliases.CSDLNC_TH2_1753094.Form1"/>
					<Prp name="need update" type="B" value="0"/>
					<Prp name="rect color" type="I" value="255"/>
					<Prp name="line #" type="I" value="39"/>
					<Prp name="version" type="I" value="2"/>
					<Prp name="storage file name" type="S" value=""/>
					<Prp name="click point y" type="I" value="-1"/>
					<Prp name="object right" type="I" value="560"/>
					<Prp name="kind" type="I" value="0"/>
					<Prp name="signature" type="S" value="{87B03792-E854-4F5D-9F33-165F1F874209}"/>
					<Prp name="object top" type="I" value="0"/>
					<Prp name="datetime" type="D" value="43822.6009165856"/>
					<Prp name="object bottom" type="I" value="311"/>
				</Node>
				<Node name="diff">
					<Prp name="image file name" type="S" value="visImage23_Dif.png"/>
					<Prp name="object left" type="I" value="-1"/>
					<Prp name="click point x" type="I" value="-1"/>
					<Prp name="object name" type="S" value=""/>
					<Prp name="need update" type="B" value="0"/>
					<Prp name="rect color" type="I" value="255"/>
					<Prp name="line #" type="I" value="39"/>
					<Prp name="version" type="I" value="2"/>
					<Prp name="storage file name" type="S" value=""/>
					<Prp name="click point y" type="I" value="-1"/>
					<Prp name="object right" type="I" value="-1"/>
					<Prp name="kind" type="I" value="0"/>
					<Prp name="signature" type="S" value="{87B03792-E854-4F5D-9F33-165F1F874209}"/>
					<Prp name="object top" type="I" value="-1"/>
					<Prp name="datetime" type="D" value="0"/>
					<Prp name="object bottom" type="I" value="-1"/>
				</Node>
				<Node name="original">
					<Prp name="image file name" type="S" value="tcvi39441234886828.png"/>
					<Prp name="object left" type="I" value="0"/>
					<Prp name="click point x" type="I" value="-1"/>
					<Prp name="object name" type="S" value="Aliases.CSDLNC_TH2_1753094.Form1"/>
					<Prp name="need update" type="B" value="0"/>
					<Prp name="rect color" type="I" value="255"/>
					<Prp name="line #" type="I" value="39"/>
					<Prp name="version" type="I" value="2"/>
					<Prp name="storage file name" type="S" value=""/>
					<Prp name="click point y" type="I" value="-1"/>
					<Prp name="object right" type="I" value="560"/>
					<Prp name="kind" type="I" value="0"/>
					<Prp name="signature" type="S" value="{87B03792-E854-4F5D-9F33-165F1F874209}"/>
					<Prp name="object top" type="I" value="0"/>
					<Prp name="datetime" type="D" value="43822.5999652778"/>
					<Prp name="object bottom" type="I" value="311"/>
				</Node>
			</Node>
			<Prp name="id" type="I" value="24"/>
			<Prp name="picture" type="S" value=""/>
			<Prp name="date" type="D" value="43822.8925842361"/>
			<Prp name="pictype" type="I" value="0"/>
			<Prp name="type" type="I" value="1"/>
			<Prp name="unit id" type="I" value="0"/>
			<Prp name="remarks" type="S" value="Tested object:&#xA;Aliases.CSDLNC_TH2_1753094.Form1&#xA;(Sys.Process(&quot;2019_CSDLNC_TH2_1753094&quot;).WinFormsObject(&quot;Form1&quot;))"/>
			<Prp name="as html" type="B" value="0"/>
			<Prp name="owner id" type="I" value="-1"/>
			<Prp name="link" type="S" value=""/>
			<Prp name="line no" type="I" value="39"/>
			<Prp name="priority" type="I" value="300"/>
			<Prp name="child index" type="I" value="-1"/>
			<Prp name="message" type="S" value="The 'Menu' window was closed."/>
		</Node>
		<Node name="units">
			<Prp name="unit 0" type="S" value="{32F62970-99C9-437F-AD23-53481D1A8861}"/>
		</Node>
		<Node name="stack"/>
		<Node name="message 22">
			<Node name="visualizer">
				<Node name="current">
					<Prp name="image file name" type="S" value="visImage21.png"/>
					<Prp name="object left" type="I" value="635"/>
					<Prp name="click point x" type="I" value="672"/>
					<Prp name="object name" type="S" value="Aliases.CSDLNC_TH2_1753094.OrderOnline.tabControl1.tabPage2.button2"/>
					<Prp name="need update" type="B" value="0"/>
					<Prp name="rect color" type="I" value="255"/>
					<Prp name="line #" type="I" value="37"/>
					<Prp name="version" type="I" value="2"/>
					<Prp name="storage file name" type="S" value=""/>
					<Prp name="click point y" type="I" value="380"/>
					<Prp name="object right" type="I" value="710"/>
					<Prp name="kind" type="I" value="0"/>
					<Prp name="signature" type="S" value="{87B03792-E854-4F5D-9F33-165F1F874209}"/>
					<Prp name="object top" type="I" value="369"/>
					<Prp name="datetime" type="D" value="43822.6009060185"/>
					<Prp name="object bottom" type="I" value="392"/>
				</Node>
				<Node name="diff">
					<Prp name="image file name" type="S" value="visImage21_Dif.png"/>
					<Prp name="object left" type="I" value="-1"/>
					<Prp name="click point x" type="I" value="-1"/>
					<Prp name="object name" type="S" value=""/>
					<Prp name="need update" type="B" value="0"/>
					<Prp name="rect color" type="I" value="255"/>
					<Prp name="line #" type="I" value="37"/>
					<Prp name="version" type="I" value="2"/>
					<Prp name="storage file name" type="S" value=""/>
					<Prp name="click point y" type="I" value="-1"/>
					<Prp name="object right" type="I" value="-1"/>
					<Prp name="kind" type="I" value="0"/>
					<Prp name="signature" type="S" value="{87B03792-E854-4F5D-9F33-165F1F874209}"/>
					<Prp name="object top" type="I" value="-1"/>
					<Prp name="datetime" type="D" value="0"/>
					<Prp name="object bottom" type="I" value="-1"/>
				</Node>
				<Node name="original">
					<Prp name="image file name" type="S" value="tcvi39438562886826.png"/>
					<Prp name="object left" type="I" value="635"/>
					<Prp name="click point x" type="I" value="673"/>
					<Prp name="object name" type="S" value="Aliases.CSDLNC_TH2_1753094.OrderOnline.tabControl1.tabPage2.button2"/>
					<Prp name="need update" type="B" value="0"/>
					<Prp name="rect color" type="I" value="255"/>
					<Prp name="line #" type="I" value="37"/>
					<Prp name="version" type="I" value="2"/>
					<Prp name="storage file name" type="S" value=""/>
					<Prp name="click point y" type="I" value="382"/>
					<Prp name="object right" type="I" value="710"/>
					<Prp name="kind" type="I" value="0"/>
					<Prp name="signature" type="S" value="{87B03792-E854-4F5D-9F33-165F1F874209}"/>
					<Prp name="object top" type="I" value="369"/>
					<Prp name="datetime" type="D" value="43822.5999305556"/>
					<Prp name="object bottom" type="I" value="392"/>
				</Node>
			</Node>
			<Prp name="id" type="I" value="22"/>
			<Prp name="picture" type="S" value=""/>
			<Prp name="date" type="D" value="43822.892573588"/>
			<Prp name="pictype" type="I" value="0"/>
			<Prp name="type" type="I" value="1"/>
			<Prp name="unit id" type="I" value="0"/>
			<Prp name="remarks" type="S" value="Tested object:&#xA;Aliases.CSDLNC_TH2_1753094.OrderOnline.tabControl1.tabPage2.button2&#xA;(Sys.Process(&quot;2019_CSDLNC_TH2_1753094&quot;).WinFormsObject(&quot;OrderOnline&quot;).WinFormsObject(&quot;tabControl1&quot;).WinFormsObject(&quot;tabPage2&quot;).WinFormsObject(&quot;button2&quot;))"/>
			<Prp name="as html" type="B" value="0"/>
			<Prp name="owner id" type="I" value="-1"/>
			<Prp name="link" type="S" value=""/>
			<Prp name="line no" type="I" value="37"/>
			<Prp name="priority" type="I" value="300"/>
			<Prp name="child index" type="I" value="-1"/>
			<Prp name="message" type="S" value="The button was clicked with the left mouse button."/>
		</Node>
		<Node name="message 10">
			<Node name="visualizer">
				<Node name="current">
					<Prp name="image file name" type="S" value="visImage9.png"/>
					<Prp name="object left" type="I" value="24"/>
					<Prp name="click point x" type="I" value="184"/>
					<Prp name="object name" type="S" value="Aliases.CSDLNC_TH2_1753094.OrderOnline.tabControl1.tabPage1"/>
					<Prp name="need update" type="B" value="0"/>
					<Prp name="rect color" type="I" value="255"/>
					<Prp name="line #" type="I" value="19"/>
					<Prp name="version" type="I" value="2"/>
					<Prp name="storage file name" type="S" value=""/>
					<Prp name="click point y" type="I" value="195"/>
					<Prp name="object right" type="I" value="716"/>
					<Prp name="kind" type="I" value="0"/>
					<Prp name="signature" type="S" value="{87B03792-E854-4F5D-9F33-165F1F874209}"/>
					<Prp name="object top" type="I" value="65"/>
					<Prp name="datetime" type="D" value="43822.6008820718"/>
					<Prp name="object bottom" type="I" value="398"/>
				</Node>
				<Node name="diff">
					<Prp name="image file name" type="S" value="visImage9_Dif.png"/>
					<Prp name="object left" type="I" value="-1"/>
					<Prp name="click point x" type="I" value="-1"/>
					<Prp name="object name" type="S" value=""/>
					<Prp name="need update" type="B" value="0"/>
					<Prp name="rect color" type="I" value="255"/>
					<Prp name="line #" type="I" value="19"/>
					<Prp name="version" type="I" value="2"/>
					<Prp name="storage file name" type="S" value=""/>
					<Prp name="click point y" type="I" value="-1"/>
					<Prp name="object right" type="I" value="-1"/>
					<Prp name="kind" type="I" value="0"/>
					<Prp name="signature" type="S" value="{87B03792-E854-4F5D-9F33-165F1F874209}"/>
					<Prp name="object top" type="I" value="-1"/>
					<Prp name="datetime" type="D" value="0"/>
					<Prp name="object bottom" type="I" value="-1"/>
				</Node>
				<Node name="original">
					<Prp name="image file name" type="S" value="tcvi39431375886812.png"/>
					<Prp name="object left" type="I" value="24"/>
					<Prp name="click point x" type="I" value="184"/>
					<Prp name="object name" type="S" value="Aliases.CSDLNC_TH2_1753094.OrderOnline.tabControl1.tabPage1"/>
					<Prp name="need update" type="B" value="0"/>
					<Prp name="rect color" type="I" value="255"/>
					<Prp name="line #" type="I" value="19"/>
					<Prp name="version" type="I" value="2"/>
					<Prp name="storage file name" type="S" value=""/>
					<Prp name="click point y" type="I" value="195"/>
					<Prp name="object right" type="I" value="716"/>
					<Prp name="kind" type="I" value="0"/>
					<Prp name="signature" type="S" value="{87B03792-E854-4F5D-9F33-165F1F874209}"/>
					<Prp name="object top" type="I" value="65"/>
					<Prp name="datetime" type="D" value="43822.599849537"/>
					<Prp name="object bottom" type="I" value="398"/>
				</Node>
			</Node>
			<Prp name="id" type="I" value="10"/>
			<Prp name="picture" type="S" value=""/>
			<Prp name="date" type="D" value="43822.8925493634"/>
			<Prp name="pictype" type="I" value="0"/>
			<Prp name="type" type="I" value="1"/>
			<Prp name="unit id" type="I" value="0"/>
			<Prp name="remarks" type="S" value="A click at point (160, 130) with no key pressed.&#xA;&#xA;Tested object:&#xA;Aliases.CSDLNC_TH2_1753094.OrderOnline.tabControl1.tabPage1&#xA;(Sys.Process(&quot;2019_CSDLNC_TH2_1753094&quot;).WinFormsObject(&quot;OrderOnline&quot;).WinFormsObject(&quot;tabControl1&quot;).WinFormsObject(&quot;tabPage1&quot;))"/>
			<Prp name="as html" type="B" value="0"/>
			<Prp name="owner id" type="I" value="-1"/>
			<Prp name="link" type="S" value=""/>
			<Prp name="line no" type="I" value="19"/>
			<Prp name="priority" type="I" value="300"/>
			<Prp name="child index" type="I" value="-1"/>
			<Prp name="message" type="S" value="The window was clicked with the left mouse button."/>
		</Node>
		<Prp name="status" type="I" value="0"/>
	</Node>
</Nodes>